,matchweek,kickoff,stadium_name,stadium_city,attendance,clock,home_team,away_team,home_result,away_result
0,38.0,"Sun 13 May 2018, 15:00 BST",Turf Moor,Burnley,20720.0,5760.0,Burnley,AFC Bournemouth,1.0,2.0
0,38.0,"Sun 13 May 2018, 15:00 BST",Selhurst Park,London,25357.0,5520.0,Crystal Palace,West Bromwich Albion,2.0,0.0
0,38.0,"Sun 13 May 2018, 15:00 BST",John Smith's Stadium,Huddersfield,24122.0,5640.0,Huddersfield Town,Arsenal,0.0,1.0
0,38.0,"Sun 13 May 2018, 15:00 BST",Anfield,Liverpool,50752.0,5580.0,Liverpool,Brighton and Hove Albion,4.0,0.0
0,38.0,"Sun 13 May 2018, 15:00 BST",Old Trafford,Manchester,75049.0,5640.0,Manchester United,Watford,1.0,0.0
0,38.0,"Sun 13 May 2018, 15:00 BST",St. James' Park,Newcastle,52294.0,5520.0,Newcastle United,Chelsea,3.0,0.0
0,38.0,"Sun 13 May 2018, 15:00 BST",St. Mary's Stadium,Southampton,31882.0,5700.0,Southampton,Manchester City,0.0,1.0
0,38.0,"Sun 13 May 2018, 15:00 BST",Liberty Stadium,Swansea,20673.0,5460.0,Swansea City,Stoke City,1.0,2.0
0,38.0,"Sun 13 May 2018, 15:00 BST",Wembley Stadium,London,77841.0,5820.0,Tottenham Hotspur,Leicester City,5.0,4.0
0,38.0,"Sun 13 May 2018, 15:00 BST",London Stadium,London,56926.0,5580.0,West Ham United,Everton,3.0,1.0
0,37.0,"Thu 10 May 2018, 19:45 BST",London Stadium,London,56902.0,5700.0,West Ham United,Manchester United,0.0,0.0
0,37.0,"Wed 9 May 2018, 20:00 BST",Etihad Stadium,Manchester,54013.0,5640.0,Manchester City,Brighton and Hove Albion,3.0,1.0
0,37.0,"Wed 9 May 2018, 20:00 BST",Wembley Stadium,London,54923.0,5760.0,Tottenham Hotspur,Newcastle United,1.0,0.0
0,37.0,"Wed 9 May 2018, 19:45 BST",Stamford Bridge,London,38910.0,5820.0,Chelsea,Huddersfield Town,1.0,1.0
0,37.0,"Wed 9 May 2018, 19:45 BST",King Power Stadium,Leicester,32095.0,5760.0,Leicester City,Arsenal,3.0,1.0
0,37.0,"Tue 8 May 2018, 19:45 BST",Liberty Stadium,Swansea,20858.0,5820.0,Swansea City,Southampton,0.0,1.0
0,37.0,"Sun 6 May 2018, 16:30 BST",Emirates Stadium,London,59540.0,5460.0,Arsenal,Burnley,5.0,0.0
0,37.0,"Sun 6 May 2018, 16:30 BST",Stamford Bridge,London,41314.0,5760.0,Chelsea,Liverpool,1.0,0.0
0,37.0,"Sun 6 May 2018, 13:30 BST",Etihad Stadium,Manchester,54350.0,5700.0,Manchester City,Huddersfield Town,0.0,0.0
0,37.0,"Sat 5 May 2018, 17:30 BST",Goodison Park,Liverpool,38225.0,5820.0,Everton,Southampton,1.0,1.0
0,37.0,"Sat 5 May 2018, 15:00 BST",Vitality Stadium,Bournemouth,10820.0,5760.0,AFC Bournemouth,Swansea City,1.0,0.0
0,37.0,"Sat 5 May 2018, 15:00 BST",King Power Stadium,Leicester,32013.0,5760.0,Leicester City,West Ham United,0.0,2.0
0,37.0,"Sat 5 May 2018, 15:00 BST",Vicarage Road,Watford,20375.0,5700.0,Watford,Newcastle United,2.0,1.0
0,37.0,"Sat 5 May 2018, 15:00 BST",The Hawthorns,West Bromwich,23685.0,5820.0,West Bromwich Albion,Tottenham Hotspur,1.0,0.0
0,37.0,"Sat 5 May 2018, 12:30 BST",bet365 Stadium,Stoke,29687.0,5760.0,Stoke City,Crystal Palace,1.0,2.0
0,37.0,"Fri 4 May 2018, 20:00 BST",Amex Stadium,Falmer,30611.0,5700.0,Brighton and Hove Albion,Manchester United,1.0,0.0
0,36.0,"Mon 30 Apr 2018, 20:00 BST",Wembley Stadium,London,52675.0,5820.0,Tottenham Hotspur,Watford,2.0,0.0
0,36.0,"Sun 29 Apr 2018, 16:30 BST",Old Trafford,Manchester,75035.0,5700.0,Manchester United,Arsenal,2.0,1.0
0,36.0,"Sun 29 Apr 2018, 14:15 BST",London Stadium,London,56904.0,5640.0,West Ham United,Manchester City,1.0,4.0
0,36.0,"Sat 28 Apr 2018, 17:30 BST",Liberty Stadium,Swansea,20900.0,5700.0,Swansea City,Chelsea,0.0,1.0
0,36.0,"Sat 28 Apr 2018, 15:00 BST",Turf Moor,Burnley,19459.0,5760.0,Burnley,Brighton and Hove Albion,0.0,0.0
0,36.0,"Sat 28 Apr 2018, 15:00 BST",Selhurst Park,London,25750.0,5580.0,Crystal Palace,Leicester City,5.0,0.0
0,36.0,"Sat 28 Apr 2018, 15:00 BST",John Smith's Stadium,Huddersfield,24121.0,5700.0,Huddersfield Town,Everton,0.0,2.0
0,36.0,"Sat 28 Apr 2018, 15:00 BST",St. James' Park,Newcastle,52283.0,5700.0,Newcastle United,West Bromwich Albion,0.0,1.0
0,36.0,"Sat 28 Apr 2018, 15:00 BST",St. Mary's Stadium,Southampton,31778.0,5760.0,Southampton,AFC Bournemouth,2.0,1.0
0,36.0,"Sat 28 Apr 2018, 12:30 BST",Anfield,Liverpool,53255.0,5820.0,Liverpool,Stoke City,0.0,0.0
0,35.0,"Mon 23 Apr 2018, 20:00 BST",Goodison Park,Liverpool,39061.0,5820.0,Everton,Newcastle United,1.0,0.0
0,35.0,"Sun 22 Apr 2018, 16:30 BST",Etihad Stadium,Manchester,54387.0,5580.0,Manchester City,Swansea City,5.0,0.0
0,35.0,"Sun 22 Apr 2018, 13:30 BST",Emirates Stadium,London,59422.0,5700.0,Arsenal,West Ham United,4.0,1.0
0,35.0,"Sun 22 Apr 2018, 13:30 BST",bet365 Stadium,Stoke,29532.0,5700.0,Stoke City,Burnley,1.0,1.0
0,35.0,"Sat 21 Apr 2018, 15:00 BST",Vicarage Road,Watford,20401.0,5640.0,Watford,Crystal Palace,0.0,0.0
0,35.0,"Sat 21 Apr 2018, 12:30 BST",The Hawthorns,West Bromwich,24520.0,5700.0,West Bromwich Albion,Liverpool,2.0,2.0
0,34.0,"Thu 19 Apr 2018, 19:45 BST",Turf Moor,Burnley,21264.0,5700.0,Burnley,Chelsea,1.0,2.0
0,34.0,"Thu 19 Apr 2018, 19:45 BST",King Power Stadium,Leicester,31160.0,5640.0,Leicester City,Southampton,0.0,0.0
0,34.0,"Wed 18 Apr 2018, 19:45 BST",Vitality Stadium,Bournemouth,10952.0,5700.0,AFC Bournemouth,Manchester United,0.0,2.0
0,34.0,"Tue 17 Apr 2018, 19:45 BST",Amex Stadium,Falmer,30440.0,5640.0,Brighton and Hove Albion,Tottenham Hotspur,1.0,1.0
0,34.0,"Mon 16 Apr 2018, 20:00 BST",London Stadium,London,56795.0,5700.0,West Ham United,Stoke City,1.0,1.0
0,34.0,"Sun 15 Apr 2018, 16:00 BST",Old Trafford,Manchester,75095.0,5700.0,Manchester United,West Bromwich Albion,0.0,1.0
0,34.0,"Sun 15 Apr 2018, 13:30 BST",St. James' Park,Newcastle,52210.0,5580.0,Newcastle United,Arsenal,2.0,1.0
0,34.0,"Sat 14 Apr 2018, 19:45 BST",Wembley Stadium,London,80811.0,5700.0,Tottenham Hotspur,Manchester City,1.0,3.0
0,34.0,"Sat 14 Apr 2018, 17:30 BST",Anfield,Liverpool,52959.0,5640.0,Liverpool,AFC Bournemouth,3.0,0.0
0,34.0,"Sat 14 Apr 2018, 15:00 BST",Turf Moor,Burnley,21727.0,5700.0,Burnley,Leicester City,2.0,1.0
0,34.0,"Sat 14 Apr 2018, 15:00 BST",Selhurst Park,London,24656.0,5700.0,Crystal Palace,Brighton and Hove Albion,3.0,2.0
0,34.0,"Sat 14 Apr 2018, 15:00 BST",John Smith's Stadium,Huddersfield,23961.0,5640.0,Huddersfield Town,Watford,1.0,0.0
0,34.0,"Sat 14 Apr 2018, 15:00 BST",Liberty Stadium,Swansea,20933.0,5640.0,Swansea City,Everton,1.0,1.0
0,34.0,"Sat 14 Apr 2018, 12:30 BST",St. Mary's Stadium,Southampton,31764.0,5760.0,Southampton,Chelsea,2.0,3.0
0,33.0,"Sun 8 Apr 2018, 16:30 BST",Stamford Bridge,London,41324.0,5760.0,Chelsea,West Ham United,1.0,1.0
0,33.0,"Sun 8 Apr 2018, 14:15 BST",Emirates Stadium,London,59374.0,5820.0,Arsenal,Southampton,3.0,2.0
0,33.0,"Sat 7 Apr 2018, 17:30 BST",Etihad Stadium,Manchester,54259.0,5820.0,Manchester City,Manchester United,2.0,3.0
0,33.0,"Sat 7 Apr 2018, 15:00 BST",Vitality Stadium,Bournemouth,10730.0,5700.0,AFC Bournemouth,Crystal Palace,2.0,2.0
0,33.0,"Sat 7 Apr 2018, 15:00 BST",Amex Stadium,Falmer,30501.0,5700.0,Brighton and Hove Albion,Huddersfield Town,1.0,1.0
0,33.0,"Sat 7 Apr 2018, 15:00 BST",King Power Stadium,Leicester,32066.0,5700.0,Leicester City,Newcastle United,1.0,2.0
0,33.0,"Sat 7 Apr 2018, 15:00 BST",bet365 Stadium,Stoke,29515.0,5880.0,Stoke City,Tottenham Hotspur,1.0,2.0
0,33.0,"Sat 7 Apr 2018, 15:00 BST",Vicarage Road,Watford,20044.0,5820.0,Watford,Burnley,1.0,2.0
0,33.0,"Sat 7 Apr 2018, 15:00 BST",The Hawthorns,West Bromwich,23297.0,5700.0,West Bromwich Albion,Swansea City,1.0,1.0
0,33.0,"Sat 7 Apr 2018, 12:30 BST",Goodison Park,Liverpool,39220.0,5640.0,Everton,Liverpool,0.0,0.0
0,32.0,"Sun 1 Apr 2018, 16:00 BST",Stamford Bridge,London,41364.0,5700.0,Chelsea,Tottenham Hotspur,1.0,3.0
0,32.0,"Sun 1 Apr 2018, 13:30 BST",Emirates Stadium,London,59371.0,5700.0,Arsenal,Stoke City,3.0,0.0
0,32.0,"Sat 31 Mar 2018, 17:30 BST",Goodison Park,Liverpool,39221.0,5640.0,Everton,Manchester City,1.0,3.0
0,32.0,"Sat 31 Mar 2018, 15:00 BST",Amex Stadium,Falmer,30629.0,5820.0,Brighton and Hove Albion,Leicester City,0.0,2.0
0,32.0,"Sat 31 Mar 2018, 15:00 BST",Old Trafford,Manchester,75038.0,5580.0,Manchester United,Swansea City,2.0,0.0
0,32.0,"Sat 31 Mar 2018, 15:00 BST",St. James' Park,Newcastle,52261.0,5760.0,Newcastle United,Huddersfield Town,1.0,0.0
0,32.0,"Sat 31 Mar 2018, 15:00 BST",Vicarage Road,Watford,20393.0,5700.0,Watford,AFC Bournemouth,2.0,2.0
0,32.0,"Sat 31 Mar 2018, 15:00 BST",The Hawthorns,West Bromwich,23455.0,5820.0,West Bromwich Albion,Burnley,1.0,2.0
0,32.0,"Sat 31 Mar 2018, 15:00 BST",London Stadium,London,56882.0,5640.0,West Ham United,Southampton,3.0,0.0
0,32.0,"Sat 31 Mar 2018, 12:30 BST",Selhurst Park,London,25807.0,5700.0,Crystal Palace,Liverpool,1.0,2.0
0,31.0,"Sat 17 Mar 2018, 17:30 GMT",Anfield,Liverpool,53287.0,5580.0,Liverpool,Watford,5.0,0.0
0,31.0,"Sat 17 Mar 2018, 15:00 GMT",Vitality Stadium,Bournemouth,10242.0,5880.0,AFC Bournemouth,West Bromwich Albion,2.0,1.0
0,31.0,"Sat 17 Mar 2018, 15:00 GMT",John Smith's Stadium,Huddersfield,23980.0,5700.0,Huddersfield Town,Crystal Palace,0.0,2.0
0,31.0,"Sat 17 Mar 2018, 15:00 GMT",bet365 Stadium,Stoke,30022.0,5700.0,Stoke City,Everton,1.0,2.0
0,30.0,"Mon 12 Mar 2018, 20:00 GMT",bet365 Stadium,Stoke,29138.0,5760.0,Stoke City,Manchester City,0.0,2.0
0,30.0,"Sun 11 Mar 2018, 16:00 GMT",Vitality Stadium,Bournemouth,10623.0,5760.0,AFC Bournemouth,Tottenham Hotspur,1.0,4.0
0,30.0,"Sun 11 Mar 2018, 13:30 GMT",Emirates Stadium,London,59131.0,5640.0,Arsenal,Watford,3.0,0.0
0,30.0,"Sat 10 Mar 2018, 17:30 GMT",Stamford Bridge,London,40800.0,5640.0,Chelsea,Crystal Palace,2.0,1.0
0,30.0,"Sat 10 Mar 2018, 15:00 GMT",Goodison Park,Liverpool,39199.0,5700.0,Everton,Brighton and Hove Albion,2.0,0.0
0,30.0,"Sat 10 Mar 2018, 15:00 GMT",John Smith's Stadium,Huddersfield,23567.0,5700.0,Huddersfield Town,Swansea City,0.0,0.0
0,30.0,"Sat 10 Mar 2018, 15:00 GMT",St. James' Park,Newcastle,52246.0,5640.0,Newcastle United,Southampton,3.0,0.0
0,30.0,"Sat 10 Mar 2018, 15:00 GMT",The Hawthorns,West Bromwich,23558.0,5700.0,West Bromwich Albion,Leicester City,1.0,4.0
0,30.0,"Sat 10 Mar 2018, 15:00 GMT",London Stadium,London,56904.0,5520.0,West Ham United,Burnley,0.0,3.0
0,30.0,"Sat 10 Mar 2018, 12:30 GMT",Old Trafford,Manchester,74855.0,5820.0,Manchester United,Liverpool,2.0,1.0
0,29.0,"Mon 5 Mar 2018, 20:00 GMT",Selhurst Park,London,25840.0,5640.0,Crystal Palace,Manchester United,2.0,3.0
0,29.0,"Sun 4 Mar 2018, 16:00 GMT",Etihad Stadium,Manchester,54328.0,5700.0,Manchester City,Chelsea,1.0,0.0
0,29.0,"Sun 4 Mar 2018, 13:30 GMT",Amex Stadium,Falmer,30620.0,5880.0,Brighton and Hove Albion,Arsenal,2.0,1.0
0,29.0,"Sat 3 Mar 2018, 17:30 GMT",Anfield,Liverpool,53287.0,5700.0,Liverpool,Newcastle United,2.0,0.0
0,29.0,"Sat 3 Mar 2018, 15:00 GMT",King Power Stadium,Leicester,31384.0,5880.0,Leicester City,AFC Bournemouth,1.0,1.0
0,29.0,"Sat 3 Mar 2018, 15:00 GMT",St. Mary's Stadium,Southampton,30335.0,5580.0,Southampton,Stoke City,0.0,0.0
0,29.0,"Sat 3 Mar 2018, 15:00 GMT",Liberty Stadium,Swansea,20829.0,5640.0,Swansea City,West Ham United,4.0,1.0
0,29.0,"Sat 3 Mar 2018, 15:00 GMT",Wembley Stadium,London,68311.0,5640.0,Tottenham Hotspur,Huddersfield Town,2.0,0.0
0,29.0,"Sat 3 Mar 2018, 15:00 GMT",Vicarage Road,Watford,20022.0,5820.0,Watford,West Bromwich Albion,1.0,0.0
0,29.0,"Sat 3 Mar 2018, 12:30 GMT",Turf Moor,Burnley,20802.0,5640.0,Burnley,Everton,2.0,1.0
0,28.0,"Thu 1 Mar 2018, 19:45 GMT",Emirates Stadium,London,58420.0,5580.0,Arsenal,Manchester City,0.0,3.0
0,28.0,"Sun 25 Feb 2018, 14:05 GMT",Old Trafford,Manchester,75060.0,5760.0,Manchester United,Chelsea,2.0,1.0
0,28.0,"Sun 25 Feb 2018, 12:00 GMT",Selhurst Park,London,25287.0,5700.0,Crystal Palace,Tottenham Hotspur,0.0,1.0
0,28.0,"Sat 24 Feb 2018, 17:30 GMT",Vicarage Road,Watford,20430.0,5640.0,Watford,Everton,1.0,0.0
0,28.0,"Sat 24 Feb 2018, 15:00 GMT",Vitality Stadium,Bournemouth,10808.0,5760.0,AFC Bournemouth,Newcastle United,2.0,2.0
0,28.0,"Sat 24 Feb 2018, 15:00 GMT",Amex Stadium,Falmer,30523.0,5640.0,Brighton and Hove Albion,Swansea City,4.0,1.0
0,28.0,"Sat 24 Feb 2018, 15:00 GMT",Turf Moor,Burnley,20982.0,5640.0,Burnley,Southampton,1.0,1.0
0,28.0,"Sat 24 Feb 2018, 15:00 GMT",Anfield,Liverpool,53256.0,5640.0,Liverpool,West Ham United,4.0,1.0
0,28.0,"Sat 24 Feb 2018, 15:00 GMT",The Hawthorns,West Bromwich,25920.0,5700.0,West Bromwich Albion,Huddersfield Town,1.0,2.0
0,28.0,"Sat 24 Feb 2018, 12:30 GMT",King Power Stadium,Leicester,31769.0,5700.0,Leicester City,Stoke City,1.0,1.0
0,27.0,"Mon 12 Feb 2018, 20:00 GMT",Stamford Bridge,London,41071.0,5580.0,Chelsea,West Bromwich Albion,3.0,0.0
0,27.0,"Sun 11 Feb 2018, 16:30 GMT",St. Mary's Stadium,Southampton,31915.0,5700.0,Southampton,Liverpool,0.0,2.0
0,27.0,"Sun 11 Feb 2018, 14:15 GMT",St. James' Park,Newcastle,52309.0,5700.0,Newcastle United,Manchester United,1.0,0.0
0,27.0,"Sun 11 Feb 2018, 12:00 GMT",John Smith's Stadium,Huddersfield,23823.0,5760.0,Huddersfield Town,AFC Bournemouth,4.0,1.0
0,27.0,"Sat 10 Feb 2018, 17:30 GMT",Etihad Stadium,Manchester,54416.0,5640.0,Manchester City,Leicester City,5.0,1.0
0,27.0,"Sat 10 Feb 2018, 15:00 GMT",Goodison Park,Liverpool,39139.0,5640.0,Everton,Crystal Palace,3.0,1.0
0,27.0,"Sat 10 Feb 2018, 15:00 GMT",bet365 Stadium,Stoke,29876.0,5640.0,Stoke City,Brighton and Hove Albion,1.0,1.0
0,27.0,"Sat 10 Feb 2018, 15:00 GMT",Liberty Stadium,Swansea,20179.0,5700.0,Swansea City,Burnley,1.0,0.0
0,27.0,"Sat 10 Feb 2018, 15:00 GMT",London Stadium,London,56197.0,5640.0,West Ham United,Watford,2.0,0.0
0,27.0,"Sat 10 Feb 2018, 12:30 GMT",Wembley Stadium,London,83222.0,5700.0,Tottenham Hotspur,Arsenal,1.0,0.0
0,26.0,"Mon 5 Feb 2018, 20:00 GMT",Vicarage Road,Watford,20157.0,5820.0,Watford,Chelsea,4.0,1.0
0,26.0,"Sun 4 Feb 2018, 16:30 GMT",Anfield,Liverpool,53213.0,5760.0,Liverpool,Tottenham Hotspur,2.0,2.0
0,26.0,"Sun 4 Feb 2018, 14:15 GMT",Selhurst Park,London,25746.0,5700.0,Crystal Palace,Newcastle United,1.0,1.0
0,26.0,"Sat 3 Feb 2018, 17:30 GMT",Emirates Stadium,London,59306.0,5580.0,Arsenal,Everton,5.0,1.0
0,26.0,"Sat 3 Feb 2018, 15:00 GMT",Vitality Stadium,Bournemouth,10614.0,5700.0,AFC Bournemouth,Stoke City,2.0,1.0
0,26.0,"Sat 3 Feb 2018, 15:00 GMT",Amex Stadium,Falmer,30589.0,5700.0,Brighton and Hove Albion,West Ham United,3.0,1.0
0,26.0,"Sat 3 Feb 2018, 15:00 GMT",King Power Stadium,Leicester,31179.0,5700.0,Leicester City,Swansea City,1.0,1.0
0,26.0,"Sat 3 Feb 2018, 15:00 GMT",Old Trafford,Manchester,74742.0,5640.0,Manchester United,Huddersfield Town,2.0,0.0
0,26.0,"Sat 3 Feb 2018, 15:00 GMT",The Hawthorns,West Bromwich,25911.0,5820.0,West Bromwich Albion,Southampton,2.0,3.0
0,26.0,"Sat 3 Feb 2018, 12:30 GMT",Turf Moor,Burnley,21658.0,5640.0,Burnley,Manchester City,1.0,1.0
0,25.0,"Wed 31 Jan 2018, 20:00 GMT",Etihad Stadium,Manchester,53241.0,5700.0,Manchester City,West Bromwich Albion,3.0,0.0
0,25.0,"Wed 31 Jan 2018, 20:00 GMT",bet365 Stadium,Stoke,27458.0,5700.0,Stoke City,Watford,0.0,0.0
0,25.0,"Wed 31 Jan 2018, 20:00 GMT",Wembley Stadium,London,81978.0,5640.0,Tottenham Hotspur,Manchester United,2.0,0.0
0,25.0,"Wed 31 Jan 2018, 19:45 GMT",Stamford Bridge,London,41464.0,5700.0,Chelsea,AFC Bournemouth,0.0,3.0
0,25.0,"Wed 31 Jan 2018, 19:45 GMT",Goodison Park,Liverpool,38390.0,5700.0,Everton,Leicester City,2.0,1.0
0,25.0,"Wed 31 Jan 2018, 19:45 GMT",St. James' Park,Newcastle,50174.0,5700.0,Newcastle United,Burnley,1.0,1.0
0,25.0,"Wed 31 Jan 2018, 19:45 GMT",St. Mary's Stadium,Southampton,30034.0,5640.0,Southampton,Brighton and Hove Albion,1.0,1.0
0,25.0,"Tue 30 Jan 2018, 20:00 GMT",John Smith's Stadium,Huddersfield,24121.0,5640.0,Huddersfield Town,Liverpool,0.0,3.0
0,25.0,"Tue 30 Jan 2018, 19:45 GMT",Liberty Stadium,Swansea,20819.0,5640.0,Swansea City,Arsenal,3.0,1.0
0,25.0,"Tue 30 Jan 2018, 19:45 GMT",London Stadium,London,56911.0,5640.0,West Ham United,Crystal Palace,1.0,1.0
0,24.0,"Mon 22 Jan 2018, 20:00 GMT",Liberty Stadium,Swansea,20886.0,5700.0,Swansea City,Liverpool,1.0,0.0
0,24.0,"Sun 21 Jan 2018, 16:00 GMT",St. Mary's Stadium,Southampton,31361.0,5760.0,Southampton,Tottenham Hotspur,1.0,1.0
0,24.0,"Sat 20 Jan 2018, 17:30 GMT",Etihad Stadium,Manchester,54452.0,5640.0,Manchester City,Newcastle United,3.0,1.0
0,24.0,"Sat 20 Jan 2018, 15:00 GMT",Emirates Stadium,London,59386.0,5700.0,Arsenal,Crystal Palace,4.0,1.0
0,24.0,"Sat 20 Jan 2018, 15:00 GMT",Turf Moor,Burnley,21841.0,5820.0,Burnley,Manchester United,0.0,1.0
0,24.0,"Sat 20 Jan 2018, 15:00 GMT",Goodison Park,Liverpool,39061.0,5880.0,Everton,West Bromwich Albion,1.0,1.0
0,24.0,"Sat 20 Jan 2018, 15:00 GMT",King Power Stadium,Leicester,31891.0,5640.0,Leicester City,Watford,2.0,0.0
0,24.0,"Sat 20 Jan 2018, 15:00 GMT",bet365 Stadium,Stoke,29785.0,5700.0,Stoke City,Huddersfield Town,2.0,0.0
0,24.0,"Sat 20 Jan 2018, 15:00 GMT",London Stadium,London,56948.0,5820.0,West Ham United,AFC Bournemouth,1.0,1.0
0,24.0,"Sat 20 Jan 2018, 12:30 GMT",Amex Stadium,Falmer,30600.0,5640.0,Brighton and Hove Albion,Chelsea,0.0,4.0
0,23.0,"Mon 15 Jan 2018, 20:00 GMT",Old Trafford,Manchester,74726.0,5580.0,Manchester United,Stoke City,3.0,0.0
0,23.0,"Sun 14 Jan 2018, 16:00 GMT",Anfield,Liverpool,53285.0,5700.0,Liverpool,Manchester City,4.0,3.0
0,23.0,"Sun 14 Jan 2018, 13:30 GMT",Vitality Stadium,Bournemouth,10836.0,5700.0,AFC Bournemouth,Arsenal,2.0,1.0
0,23.0,"Sat 13 Jan 2018, 17:30 GMT",Wembley Stadium,London,76251.0,5580.0,Tottenham Hotspur,Everton,4.0,0.0
0,23.0,"Sat 13 Jan 2018, 15:00 GMT",Stamford Bridge,London,41552.0,5700.0,Chelsea,Leicester City,0.0,0.0
0,23.0,"Sat 13 Jan 2018, 15:00 GMT",Selhurst Park,London,24696.0,5700.0,Crystal Palace,Burnley,1.0,0.0
0,23.0,"Sat 13 Jan 2018, 15:00 GMT",John Smith's Stadium,Huddersfield,24105.0,5580.0,Huddersfield Town,West Ham United,1.0,4.0
0,23.0,"Sat 13 Jan 2018, 15:00 GMT",St. James' Park,Newcastle,51444.0,5700.0,Newcastle United,Swansea City,1.0,1.0
0,23.0,"Sat 13 Jan 2018, 15:00 GMT",Vicarage Road,Watford,20018.0,5760.0,Watford,Southampton,2.0,2.0
0,23.0,"Sat 13 Jan 2018, 15:00 GMT",The Hawthorns,West Bromwich,25240.0,5760.0,West Bromwich Albion,Brighton and Hove Albion,2.0,0.0
0,22.0,"Thu 4 Jan 2018, 20:00 GMT",Wembley Stadium,London,50034.0,5700.0,Tottenham Hotspur,West Ham United,1.0,1.0
0,22.0,"Wed 3 Jan 2018, 19:45 GMT",Emirates Stadium,London,59379.0,5700.0,Arsenal,Chelsea,2.0,2.0
0,22.0,"Tue 2 Jan 2018, 20:00 GMT",Etihad Stadium,Manchester,53556.0,5700.0,Manchester City,Watford,3.0,1.0
0,22.0,"Tue 2 Jan 2018, 19:45 GMT",St. Mary's Stadium,Southampton,28411.0,5640.0,Southampton,Crystal Palace,1.0,2.0
0,22.0,"Tue 2 Jan 2018, 19:45 GMT",Liberty Stadium,Swansea,20615.0,5640.0,Swansea City,Tottenham Hotspur,0.0,2.0
0,22.0,"Tue 2 Jan 2018, 19:45 GMT",London Stadium,London,56888.0,5760.0,West Ham United,West Bromwich Albion,2.0,1.0
0,22.0,"Mon 1 Jan 2018, 17:30 GMT",Goodison Park,Liverpool,39188.0,5640.0,Everton,Manchester United,0.0,2.0
0,22.0,"Mon 1 Jan 2018, 15:00 GMT",Turf Moor,Burnley,21756.0,5760.0,Burnley,Liverpool,1.0,2.0
0,22.0,"Mon 1 Jan 2018, 15:00 GMT",King Power Stadium,Leicester,31748.0,5640.0,Leicester City,Huddersfield Town,3.0,0.0
0,22.0,"Mon 1 Jan 2018, 15:00 GMT",bet365 Stadium,Stoke,28471.0,5700.0,Stoke City,Newcastle United,0.0,1.0
0,22.0,"Mon 1 Jan 2018, 12:30 GMT",Amex Stadium,Falmer,30152.0,5640.0,Brighton and Hove Albion,AFC Bournemouth,2.0,2.0
0,21.0,"Sun 31 Dec 2017, 16:30 GMT",The Hawthorns,West Bromwich,26223.0,5700.0,West Bromwich Albion,Arsenal,1.0,1.0
0,21.0,"Sun 31 Dec 2017, 12:00 GMT",Selhurst Park,London,25804.0,5880.0,Crystal Palace,Manchester City,0.0,0.0
0,21.0,"Sat 30 Dec 2017, 17:30 GMT",Old Trafford,Manchester,75051.0,5640.0,Manchester United,Southampton,0.0,0.0
0,21.0,"Sat 30 Dec 2017, 15:00 GMT",Vitality Stadium,Bournemouth,10497.0,5760.0,AFC Bournemouth,Everton,2.0,1.0
0,21.0,"Sat 30 Dec 2017, 15:00 GMT",Stamford Bridge,London,41433.0,5580.0,Chelsea,Stoke City,5.0,0.0
0,21.0,"Sat 30 Dec 2017, 15:00 GMT",John Smith's Stadium,Huddersfield,24095.0,5640.0,Huddersfield Town,Burnley,0.0,0.0
0,21.0,"Sat 30 Dec 2017, 15:00 GMT",Anfield,Liverpool,53226.0,5700.0,Liverpool,Leicester City,2.0,1.0
0,21.0,"Sat 30 Dec 2017, 15:00 GMT",St. James' Park,Newcastle,52209.0,5640.0,Newcastle United,Brighton and Hove Albion,0.0,0.0
0,21.0,"Sat 30 Dec 2017, 15:00 GMT",Vicarage Road,Watford,20002.0,5700.0,Watford,Swansea City,1.0,2.0
0,20.0,"Thu 28 Dec 2017, 20:00 GMT",Selhurst Park,London,25762.0,5700.0,Crystal Palace,Arsenal,2.0,3.0
0,20.0,"Wed 27 Dec 2017, 19:45 GMT",St. James' Park,Newcastle,52311.0,5640.0,Newcastle United,Manchester City,0.0,1.0
0,20.0,"Tue 26 Dec 2017, 17:30 GMT",Anfield,Liverpool,52850.0,5640.0,Liverpool,Swansea City,5.0,0.0
0,20.0,"Tue 26 Dec 2017, 15:00 GMT",Vitality Stadium,Bournemouth,10596.0,5820.0,AFC Bournemouth,West Ham United,3.0,3.0
0,20.0,"Tue 26 Dec 2017, 15:00 GMT",Stamford Bridge,London,41568.0,5640.0,Chelsea,Brighton and Hove Albion,2.0,0.0
0,20.0,"Tue 26 Dec 2017, 15:00 GMT",John Smith's Stadium,Huddersfield,24047.0,5700.0,Huddersfield Town,Stoke City,1.0,1.0
0,20.0,"Tue 26 Dec 2017, 15:00 GMT",Old Trafford,Manchester,75046.0,5760.0,Manchester United,Burnley,2.0,2.0
0,20.0,"Tue 26 Dec 2017, 15:00 GMT",Vicarage Road,Watford,20308.0,5640.0,Watford,Leicester City,2.0,1.0
0,20.0,"Tue 26 Dec 2017, 15:00 GMT",The Hawthorns,West Bromwich,25364.0,5640.0,West Bromwich Albion,Everton,0.0,0.0
0,20.0,"Tue 26 Dec 2017, 12:30 GMT",Wembley Stadium,London,57297.0,5640.0,Tottenham Hotspur,Southampton,5.0,2.0
0,19.0,"Sat 23 Dec 2017, 19:45 GMT",King Power Stadium,Leicester,32202.0,5760.0,Leicester City,Manchester United,2.0,2.0
0,19.0,"Sat 23 Dec 2017, 17:30 GMT",Turf Moor,Burnley,21650.0,5640.0,Burnley,Tottenham Hotspur,0.0,3.0
0,19.0,"Sat 23 Dec 2017, 15:00 GMT",Amex Stadium,Falmer,30473.0,5640.0,Brighton and Hove Albion,Watford,1.0,0.0
0,19.0,"Sat 23 Dec 2017, 15:00 GMT",Etihad Stadium,Manchester,54270.0,5640.0,Manchester City,AFC Bournemouth,4.0,0.0
0,19.0,"Sat 23 Dec 2017, 15:00 GMT",St. Mary's Stadium,Southampton,29675.0,5820.0,Southampton,Huddersfield Town,1.0,1.0
0,19.0,"Sat 23 Dec 2017, 15:00 GMT",bet365 Stadium,Stoke,29057.0,5760.0,Stoke City,West Bromwich Albion,3.0,1.0
0,19.0,"Sat 23 Dec 2017, 15:00 GMT",Liberty Stadium,Swansea,20354.0,5760.0,Swansea City,Crystal Palace,1.0,1.0
0,19.0,"Sat 23 Dec 2017, 15:00 GMT",London Stadium,London,56955.0,5760.0,West Ham United,Newcastle United,2.0,3.0
0,19.0,"Sat 23 Dec 2017, 12:30 GMT",Goodison Park,Liverpool,39191.0,5700.0,Everton,Chelsea,0.0,0.0
0,19.0,"Fri 22 Dec 2017, 19:45 GMT",Emirates Stadium,London,59409.0,5700.0,Arsenal,Liverpool,3.0,3.0
0,18.0,"Mon 18 Dec 2017, 20:00 GMT",Goodison Park,Liverpool,37580.0,5640.0,Everton,Swansea City,3.0,1.0
0,18.0,"Sun 17 Dec 2017, 16:30 GMT",Vitality Stadium,Bournemouth,10780.0,5640.0,AFC Bournemouth,Liverpool,0.0,4.0
0,18.0,"Sun 17 Dec 2017, 14:15 GMT",The Hawthorns,West Bromwich,24782.0,5760.0,West Bromwich Albion,Manchester United,1.0,2.0
0,18.0,"Sat 16 Dec 2017, 17:30 GMT",Etihad Stadium,Manchester,54214.0,5640.0,Manchester City,Tottenham Hotspur,4.0,1.0
0,18.0,"Sat 16 Dec 2017, 16:00 GMT",bet365 Stadium,Stoke,29265.0,5640.0,Stoke City,West Ham United,0.0,3.0
0,18.0,"Sat 16 Dec 2017, 15:00 GMT",Emirates Stadium,London,59379.0,5700.0,Arsenal,Newcastle United,1.0,0.0
0,18.0,"Sat 16 Dec 2017, 15:00 GMT",Amex Stadium,Falmer,29921.0,5700.0,Brighton and Hove Albion,Burnley,0.0,0.0
0,18.0,"Sat 16 Dec 2017, 15:00 GMT",Stamford Bridge,London,41562.0,5700.0,Chelsea,Southampton,1.0,0.0
0,18.0,"Sat 16 Dec 2017, 15:00 GMT",Vicarage Road,Watford,20026.0,5700.0,Watford,Huddersfield Town,1.0,4.0
0,18.0,"Sat 16 Dec 2017, 12:30 GMT",King Power Stadium,Leicester,31081.0,5700.0,Leicester City,Crystal Palace,0.0,3.0
0,17.0,"Wed 13 Dec 2017, 20:00 GMT",Anfield,Liverpool,53243.0,5640.0,Liverpool,West Bromwich Albion,0.0,0.0
0,17.0,"Wed 13 Dec 2017, 20:00 GMT",Old Trafford,Manchester,74798.0,5700.0,Manchester United,AFC Bournemouth,1.0,0.0
0,17.0,"Wed 13 Dec 2017, 20:00 GMT",Wembley Stadium,London,55124.0,5640.0,Tottenham Hotspur,Brighton and Hove Albion,2.0,0.0
0,17.0,"Wed 13 Dec 2017, 20:00 GMT",London Stadium,London,56921.0,5640.0,West Ham United,Arsenal,0.0,0.0
0,17.0,"Wed 13 Dec 2017, 19:45 GMT",St. James' Park,Newcastle,51042.0,5700.0,Newcastle United,Everton,0.0,1.0
0,17.0,"Wed 13 Dec 2017, 19:45 GMT",St. Mary's Stadium,Southampton,27714.0,5640.0,Southampton,Leicester City,1.0,4.0
0,17.0,"Wed 13 Dec 2017, 19:45 GMT",Liberty Stadium,Swansea,20870.0,5580.0,Swansea City,Manchester City,0.0,4.0
0,17.0,"Tue 12 Dec 2017, 20:00 GMT",Selhurst Park,London,23566.0,5820.0,Crystal Palace,Watford,2.0,1.0
0,17.0,"Tue 12 Dec 2017, 20:00 GMT",John Smith's Stadium,Huddersfield,24169.0,5580.0,Huddersfield Town,Chelsea,1.0,3.0
0,17.0,"Tue 12 Dec 2017, 19:45 GMT",Turf Moor,Burnley,19909.0,5700.0,Burnley,Stoke City,1.0,0.0
0,16.0,"Sun 10 Dec 2017, 16:30 GMT",Old Trafford,Manchester,74847.0,5700.0,Manchester United,Manchester City,1.0,2.0
0,16.0,"Sun 10 Dec 2017, 14:15 GMT",Anfield,Liverpool,53082.0,5700.0,Liverpool,Everton,1.0,1.0
0,16.0,"Sun 10 Dec 2017, 12:00 GMT",St. Mary's Stadium,Southampton,31643.0,5700.0,Southampton,Arsenal,1.0,1.0
0,16.0,"Sat 9 Dec 2017, 17:30 GMT",St. James' Park,Newcastle,52117.0,5760.0,Newcastle United,Leicester City,2.0,3.0
0,16.0,"Sat 9 Dec 2017, 15:00 GMT",Turf Moor,Burnley,19479.0,5700.0,Burnley,Watford,1.0,0.0
0,16.0,"Sat 9 Dec 2017, 15:00 GMT",Selhurst Park,London,24823.0,5760.0,Crystal Palace,AFC Bournemouth,2.0,2.0
0,16.0,"Sat 9 Dec 2017, 15:00 GMT",John Smith's Stadium,Huddersfield,24018.0,5640.0,Huddersfield Town,Brighton and Hove Albion,2.0,0.0
0,16.0,"Sat 9 Dec 2017, 15:00 GMT",Liberty Stadium,Swansea,19580.0,5700.0,Swansea City,West Bromwich Albion,1.0,0.0
0,16.0,"Sat 9 Dec 2017, 15:00 GMT",Wembley Stadium,London,62202.0,5580.0,Tottenham Hotspur,Stoke City,5.0,1.0
0,16.0,"Sat 9 Dec 2017, 12:30 GMT",London Stadium,London,56953.0,5760.0,West Ham United,Chelsea,1.0,0.0
0,15.0,"Sun 3 Dec 2017, 16:00 GMT",Etihad Stadium,Manchester,54203.0,5760.0,Manchester City,West Ham United,2.0,1.0
0,15.0,"Sun 3 Dec 2017, 13:30 GMT",Vitality Stadium,Bournemouth,10764.0,5640.0,AFC Bournemouth,Southampton,1.0,1.0
0,15.0,"Sat 2 Dec 2017, 17:30 GMT",Emirates Stadium,London,59547.0,5760.0,Arsenal,Manchester United,1.0,3.0
0,15.0,"Sat 2 Dec 2017, 15:00 GMT",Amex Stadium,Falmer,30634.0,5700.0,Brighton and Hove Albion,Liverpool,1.0,5.0
0,15.0,"Sat 2 Dec 2017, 15:00 GMT",Goodison Park,Liverpool,39167.0,5640.0,Everton,Huddersfield Town,2.0,0.0
0,15.0,"Sat 2 Dec 2017, 15:00 GMT",King Power Stadium,Leicester,30714.0,5700.0,Leicester City,Burnley,1.0,0.0
0,15.0,"Sat 2 Dec 2017, 15:00 GMT",bet365 Stadium,Stoke,28261.0,5880.0,Stoke City,Swansea City,2.0,1.0
0,15.0,"Sat 2 Dec 2017, 15:00 GMT",Vicarage Road,Watford,20278.0,5700.0,Watford,Tottenham Hotspur,1.0,1.0
0,15.0,"Sat 2 Dec 2017, 15:00 GMT",The Hawthorns,West Bromwich,23531.0,5640.0,West Bromwich Albion,Crystal Palace,0.0,0.0
0,15.0,"Sat 2 Dec 2017, 12:30 GMT",Stamford Bridge,London,41538.0,5640.0,Chelsea,Newcastle United,3.0,1.0
0,14.0,"Wed 29 Nov 2017, 20:00 GMT",Goodison Park,Liverpool,38242.0,5640.0,Everton,West Ham United,4.0,0.0
0,14.0,"Wed 29 Nov 2017, 20:00 GMT",Etihad Stadium,Manchester,53407.0,5820.0,Manchester City,Southampton,2.0,1.0
0,14.0,"Wed 29 Nov 2017, 20:00 GMT",bet365 Stadium,Stoke,29423.0,5640.0,Stoke City,Liverpool,0.0,3.0
0,14.0,"Wed 29 Nov 2017, 19:45 GMT",Emirates Stadium,London,59285.0,5640.0,Arsenal,Huddersfield Town,5.0,0.0
0,14.0,"Wed 29 Nov 2017, 19:45 GMT",Vitality Stadium,Bournemouth,10302.0,5760.0,AFC Bournemouth,Burnley,1.0,2.0
0,14.0,"Wed 29 Nov 2017, 19:45 GMT",Stamford Bridge,London,41365.0,5700.0,Chelsea,Swansea City,1.0,0.0
0,14.0,"Tue 28 Nov 2017, 20:00 GMT",Vicarage Road,Watford,20552.0,5700.0,Watford,Manchester United,2.0,4.0
0,14.0,"Tue 28 Nov 2017, 20:00 GMT",The Hawthorns,West Bromwich,25534.0,5700.0,West Bromwich Albion,Newcastle United,2.0,2.0
0,14.0,"Tue 28 Nov 2017, 19:45 GMT",Amex Stadium,Falmer,29889.0,5640.0,Brighton and Hove Albion,Crystal Palace,0.0,0.0
0,14.0,"Tue 28 Nov 2017, 19:45 GMT",King Power Stadium,Leicester,31950.0,5760.0,Leicester City,Tottenham Hotspur,2.0,1.0
0,13.0,"Sun 26 Nov 2017, 16:00 GMT",John Smith's Stadium,Huddersfield,24121.0,5760.0,Huddersfield Town,Manchester City,1.0,2.0
0,13.0,"Sun 26 Nov 2017, 14:00 GMT",Turf Moor,Burnley,21722.0,5640.0,Burnley,Arsenal,0.0,1.0
0,13.0,"Sun 26 Nov 2017, 13:30 GMT",St. Mary's Stadium,Southampton,30461.0,5700.0,Southampton,Everton,4.0,1.0
0,13.0,"Sat 25 Nov 2017, 17:30 GMT",Anfield,Liverpool,53225.0,5640.0,Liverpool,Chelsea,1.0,1.0
0,13.0,"Sat 25 Nov 2017, 15:00 GMT",Selhurst Park,London,23723.0,5640.0,Crystal Palace,Stoke City,2.0,1.0
0,13.0,"Sat 25 Nov 2017, 15:00 GMT",Old Trafford,Manchester,75018.0,5760.0,Manchester United,Brighton and Hove Albion,1.0,0.0
0,13.0,"Sat 25 Nov 2017, 15:00 GMT",St. James' Park,Newcastle,52188.0,5640.0,Newcastle United,Watford,0.0,3.0
0,13.0,"Sat 25 Nov 2017, 15:00 GMT",Liberty Stadium,Swansea,20228.0,5760.0,Swansea City,AFC Bournemouth,0.0,0.0
0,13.0,"Sat 25 Nov 2017, 15:00 GMT",Wembley Stadium,London,65905.0,5760.0,Tottenham Hotspur,West Bromwich Albion,1.0,1.0
0,13.0,"Fri 24 Nov 2017, 20:00 GMT",London Stadium,London,56897.0,5820.0,West Ham United,Leicester City,1.0,1.0
0,12.0,"Mon 20 Nov 2017, 20:00 GMT",Amex Stadium,Falmer,29676.0,5640.0,Brighton and Hove Albion,Stoke City,2.0,2.0
0,12.0,"Sun 19 Nov 2017, 16:00 GMT",Vicarage Road,Watford,20018.0,5940.0,Watford,West Ham United,2.0,0.0
0,12.0,"Sat 18 Nov 2017, 17:30 GMT",Old Trafford,Manchester,75035.0,5640.0,Manchester United,Newcastle United,4.0,1.0
0,12.0,"Sat 18 Nov 2017, 15:00 GMT",Vitality Stadium,Bournemouth,10879.0,5640.0,AFC Bournemouth,Huddersfield Town,4.0,0.0
0,12.0,"Sat 18 Nov 2017, 15:00 GMT",Turf Moor,Burnley,18895.0,5880.0,Burnley,Swansea City,2.0,0.0
0,12.0,"Sat 18 Nov 2017, 15:00 GMT",Selhurst Park,London,25526.0,5640.0,Crystal Palace,Everton,2.0,2.0
0,12.0,"Sat 18 Nov 2017, 15:00 GMT",King Power Stadium,Leicester,31908.0,5640.0,Leicester City,Manchester City,0.0,2.0
0,12.0,"Sat 18 Nov 2017, 15:00 GMT",Anfield,Liverpool,53256.0,5640.0,Liverpool,Southampton,3.0,0.0
0,12.0,"Sat 18 Nov 2017, 15:00 GMT",The Hawthorns,West Bromwich,23592.0,5580.0,West Bromwich Albion,Chelsea,0.0,4.0
0,12.0,"Sat 18 Nov 2017, 12:30 GMT",Emirates Stadium,London,59530.0,5700.0,Arsenal,Tottenham Hotspur,2.0,0.0
0,11.0,"Sun 5 Nov 2017, 16:30 GMT",Stamford Bridge,London,41615.0,5700.0,Chelsea,Manchester United,1.0,0.0
0,11.0,"Sun 5 Nov 2017, 16:30 GMT",Goodison Park,Liverpool,38609.0,6180.0,Everton,Watford,3.0,2.0
0,11.0,"Sun 5 Nov 2017, 14:15 GMT",Etihad Stadium,Manchester,54286.0,5700.0,Manchester City,Arsenal,3.0,1.0
0,11.0,"Sun 5 Nov 2017, 12:00 GMT",Wembley Stadium,London,65270.0,5640.0,Tottenham Hotspur,Crystal Palace,1.0,0.0
0,11.0,"Sat 4 Nov 2017, 17:30 GMT",London Stadium,London,56961.0,5640.0,West Ham United,Liverpool,1.0,4.0
0,11.0,"Sat 4 Nov 2017, 15:00 GMT",John Smith's Stadium,Huddersfield,24169.0,5820.0,Huddersfield Town,West Bromwich Albion,1.0,0.0
0,11.0,"Sat 4 Nov 2017, 15:00 GMT",St. James' Park,Newcastle,52237.0,5640.0,Newcastle United,AFC Bournemouth,0.0,1.0
0,11.0,"Sat 4 Nov 2017, 15:00 GMT",St. Mary's Stadium,Southampton,30491.0,5580.0,Southampton,Burnley,0.0,1.0
0,11.0,"Sat 4 Nov 2017, 15:00 GMT",Liberty Stadium,Swansea,20822.0,5760.0,Swansea City,Brighton and Hove Albion,0.0,1.0
0,11.0,"Sat 4 Nov 2017, 12:30 GMT",bet365 Stadium,Stoke,29602.0,5700.0,Stoke City,Leicester City,2.0,2.0
0,10.0,"Mon 30 Oct 2017, 20:00 GMT",Turf Moor,Burnley,21031.0,5640.0,Burnley,Newcastle United,1.0,0.0
0,10.0,"Sun 29 Oct 2017, 16:00 GMT",King Power Stadium,Leicester,31891.0,5640.0,Leicester City,Everton,2.0,0.0
0,10.0,"Sun 29 Oct 2017, 13:30 GMT",Amex Stadium,Falmer,30564.0,5640.0,Brighton and Hove Albion,Southampton,1.0,1.0
0,10.0,"Sat 28 Oct 2017, 17:30 BST",Vitality Stadium,Bournemouth,10998.0,5700.0,AFC Bournemouth,Chelsea,0.0,1.0
0,10.0,"Sat 28 Oct 2017, 15:00 BST",Emirates Stadium,London,59493.0,5640.0,Arsenal,Swansea City,2.0,1.0
0,10.0,"Sat 28 Oct 2017, 15:00 BST",Selhurst Park,London,25242.0,5880.0,Crystal Palace,West Ham United,2.0,2.0
0,10.0,"Sat 28 Oct 2017, 15:00 BST",Anfield,Liverpool,53268.0,5580.0,Liverpool,Huddersfield Town,3.0,0.0
0,10.0,"Sat 28 Oct 2017, 15:00 BST",Vicarage Road,Watford,20087.0,5820.0,Watford,Stoke City,0.0,1.0
0,10.0,"Sat 28 Oct 2017, 15:00 BST",The Hawthorns,West Bromwich,24003.0,5700.0,West Bromwich Albion,Manchester City,2.0,3.0
0,10.0,"Sat 28 Oct 2017, 12:30 BST",Old Trafford,Manchester,75034.0,5640.0,Manchester United,Tottenham Hotspur,1.0,0.0
0,9.0,"Sun 22 Oct 2017, 16:00 BST",Wembley Stadium,London,80827.0,5580.0,Tottenham Hotspur,Liverpool,4.0,1.0
0,9.0,"Sun 22 Oct 2017, 13:30 BST",Goodison Park,Liverpool,39189.0,5760.0,Everton,Arsenal,2.0,5.0
0,9.0,"Sat 21 Oct 2017, 17:30 BST",St. Mary's Stadium,Southampton,29947.0,5700.0,Southampton,West Bromwich Albion,1.0,0.0
0,9.0,"Sat 21 Oct 2017, 15:00 BST",John Smith's Stadium,Huddersfield,24169.0,5700.0,Huddersfield Town,Manchester United,2.0,1.0
0,9.0,"Sat 21 Oct 2017, 15:00 BST",Etihad Stadium,Manchester,54118.0,5640.0,Manchester City,Burnley,3.0,0.0
0,9.0,"Sat 21 Oct 2017, 15:00 BST",St. James' Park,Newcastle,52251.0,5700.0,Newcastle United,Crystal Palace,1.0,0.0
0,9.0,"Sat 21 Oct 2017, 15:00 BST",bet365 Stadium,Stoke,29500.0,5760.0,Stoke City,AFC Bournemouth,1.0,2.0
0,9.0,"Sat 21 Oct 2017, 15:00 BST",Liberty Stadium,Swansea,20521.0,5700.0,Swansea City,Leicester City,1.0,2.0
0,9.0,"Sat 21 Oct 2017, 12:30 BST",Stamford Bridge,London,41467.0,5760.0,Chelsea,Watford,4.0,2.0
0,9.0,"Fri 20 Oct 2017, 20:00 BST",London Stadium,London,56977.0,5640.0,West Ham United,Brighton and Hove Albion,0.0,3.0
0,8.0,"Mon 16 Oct 2017, 20:00 BST",King Power Stadium,Leicester,30203.0,5760.0,Leicester City,West Bromwich Albion,1.0,1.0
0,8.0,"Sun 15 Oct 2017, 16:00 BST",St. Mary's Stadium,Southampton,31437.0,5760.0,Southampton,Newcastle United,2.0,2.0
0,8.0,"Sun 15 Oct 2017, 13:30 BST",Amex Stadium,Falmer,30565.0,5700.0,Brighton and Hove Albion,Everton,1.0,1.0
0,8.0,"Sat 14 Oct 2017, 17:30 BST",Vicarage Road,Watford,20384.0,5700.0,Watford,Arsenal,2.0,1.0
0,8.0,"Sat 14 Oct 2017, 15:00 BST",Turf Moor,Burnley,20945.0,5700.0,Burnley,West Ham United,1.0,1.0
0,8.0,"Sat 14 Oct 2017, 15:00 BST",Selhurst Park,London,25480.0,5760.0,Crystal Palace,Chelsea,2.0,1.0
0,8.0,"Sat 14 Oct 2017, 15:00 BST",Etihad Stadium,Manchester,54128.0,5640.0,Manchester City,Stoke City,7.0,2.0
0,8.0,"Sat 14 Oct 2017, 15:00 BST",Liberty Stadium,Swansea,20657.0,5760.0,Swansea City,Huddersfield Town,2.0,0.0
0,8.0,"Sat 14 Oct 2017, 15:00 BST",Wembley Stadium,London,73502.0,5820.0,Tottenham Hotspur,AFC Bournemouth,1.0,0.0
0,8.0,"Sat 14 Oct 2017, 12:30 BST",Anfield,Liverpool,52912.0,5640.0,Liverpool,Manchester United,0.0,0.0
0,7.0,"Sun 1 Oct 2017, 16:30 BST",St. James' Park,Newcastle,52303.0,5640.0,Newcastle United,Liverpool,1.0,1.0
0,7.0,"Sun 1 Oct 2017, 14:15 BST",Goodison Park,Liverpool,38448.0,5700.0,Everton,Burnley,0.0,1.0
0,7.0,"Sun 1 Oct 2017, 12:00 BST",Emirates Stadium,London,59378.0,5640.0,Arsenal,Brighton and Hove Albion,2.0,0.0
0,7.0,"Sat 30 Sep 2017, 17:30 BST",Stamford Bridge,London,41530.0,5640.0,Chelsea,Manchester City,0.0,1.0
0,7.0,"Sat 30 Sep 2017, 15:00 BST",Vitality Stadium,Bournemouth,10444.0,5760.0,AFC Bournemouth,Leicester City,0.0,0.0
0,7.0,"Sat 30 Sep 2017, 15:00 BST",Old Trafford,Manchester,75118.0,5640.0,Manchester United,Crystal Palace,4.0,0.0
0,7.0,"Sat 30 Sep 2017, 15:00 BST",bet365 Stadium,Stoke,29285.0,5880.0,Stoke City,Southampton,2.0,1.0
0,7.0,"Sat 30 Sep 2017, 15:00 BST",The Hawthorns,West Bromwich,24606.0,5760.0,West Bromwich Albion,Watford,2.0,2.0
0,7.0,"Sat 30 Sep 2017, 15:00 BST",London Stadium,London,56922.0,5760.0,West Ham United,Swansea City,1.0,0.0
0,7.0,"Sat 30 Sep 2017, 12:30 BST",John Smith's Stadium,Huddersfield,24169.0,5640.0,Huddersfield Town,Tottenham Hotspur,0.0,4.0
0,6.0,"Mon 25 Sep 2017, 20:00 BST",Emirates Stadium,London,59134.0,5640.0,Arsenal,West Bromwich Albion,2.0,0.0
0,6.0,"Sun 24 Sep 2017, 16:00 BST",Amex Stadium,Falmer,30468.0,5640.0,Brighton and Hove Albion,Newcastle United,1.0,0.0
0,6.0,"Sat 23 Sep 2017, 17:30 BST",King Power Stadium,Leicester,32004.0,5760.0,Leicester City,Liverpool,2.0,3.0
0,6.0,"Sat 23 Sep 2017, 15:00 BST",Turf Moor,Burnley,20759.0,5640.0,Burnley,Huddersfield Town,0.0,0.0
0,6.0,"Sat 23 Sep 2017, 15:00 BST",Goodison Park,Liverpool,38133.0,5820.0,Everton,AFC Bournemouth,2.0,1.0
0,6.0,"Sat 23 Sep 2017, 15:00 BST",Etihad Stadium,Manchester,53526.0,5640.0,Manchester City,Crystal Palace,5.0,0.0
0,6.0,"Sat 23 Sep 2017, 15:00 BST",St. Mary's Stadium,Southampton,31930.0,5700.0,Southampton,Manchester United,0.0,1.0
0,6.0,"Sat 23 Sep 2017, 15:00 BST",bet365 Stadium,Stoke,29661.0,5640.0,Stoke City,Chelsea,0.0,4.0
0,6.0,"Sat 23 Sep 2017, 15:00 BST",Liberty Stadium,Swansea,20372.0,5760.0,Swansea City,Watford,1.0,2.0
0,6.0,"Sat 23 Sep 2017, 12:30 BST",London Stadium,London,56988.0,5820.0,West Ham United,Tottenham Hotspur,2.0,3.0
0,5.0,"Sun 17 Sep 2017, 16:00 BST",Old Trafford,Manchester,75042.0,5640.0,Manchester United,Everton,4.0,0.0
0,5.0,"Sun 17 Sep 2017, 13:30 BST",Stamford Bridge,London,41478.0,5700.0,Chelsea,Arsenal,0.0,0.0
0,5.0,"Sat 16 Sep 2017, 17:30 BST",Wembley Stadium,London,65366.0,5700.0,Tottenham Hotspur,Swansea City,0.0,0.0
0,5.0,"Sat 16 Sep 2017, 15:00 BST",John Smith's Stadium,Huddersfield,24169.0,5640.0,Huddersfield Town,Leicester City,1.0,1.0
0,5.0,"Sat 16 Sep 2017, 15:00 BST",Anfield,Liverpool,53231.0,5700.0,Liverpool,Burnley,1.0,1.0
0,5.0,"Sat 16 Sep 2017, 15:00 BST",St. James' Park,Newcastle,51795.0,5700.0,Newcastle United,Stoke City,2.0,1.0
0,5.0,"Sat 16 Sep 2017, 15:00 BST",Vicarage Road,Watford,20305.0,5640.0,Watford,Manchester City,0.0,6.0
0,5.0,"Sat 16 Sep 2017, 15:00 BST",The Hawthorns,West Bromwich,24942.0,5760.0,West Bromwich Albion,West Ham United,0.0,0.0
0,5.0,"Sat 16 Sep 2017, 12:30 BST",Selhurst Park,London,24199.0,5820.0,Crystal Palace,Southampton,0.0,1.0
0,5.0,"Fri 15 Sep 2017, 20:00 BST",Vitality Stadium,Bournemouth,10369.0,5760.0,AFC Bournemouth,Brighton and Hove Albion,2.0,1.0
0,4.0,"Mon 11 Sep 2017, 20:00 BST",London Stadium,London,56977.0,5700.0,West Ham United,Huddersfield Town,2.0,0.0
0,4.0,"Sun 10 Sep 2017, 16:00 BST",Liberty Stadium,Swansea,20872.0,5760.0,Swansea City,Newcastle United,0.0,1.0
0,4.0,"Sun 10 Sep 2017, 13:30 BST",Turf Moor,Burnley,18862.0,5640.0,Burnley,Crystal Palace,1.0,0.0
0,4.0,"Sat 9 Sep 2017, 17:30 BST",bet365 Stadium,Stoke,29320.0,5700.0,Stoke City,Manchester United,2.0,2.0
0,4.0,"Sat 9 Sep 2017, 15:00 BST",Emirates Stadium,London,59262.0,5640.0,Arsenal,AFC Bournemouth,3.0,0.0
0,4.0,"Sat 9 Sep 2017, 15:00 BST",Amex Stadium,Falmer,30381.0,5760.0,Brighton and Hove Albion,West Bromwich Albion,3.0,1.0
0,4.0,"Sat 9 Sep 2017, 15:00 BST",Goodison Park,Liverpool,38835.0,6000.0,Everton,Tottenham Hotspur,0.0,3.0
0,4.0,"Sat 9 Sep 2017, 15:00 BST",King Power Stadium,Leicester,31923.0,5700.0,Leicester City,Chelsea,1.0,2.0
0,4.0,"Sat 9 Sep 2017, 15:00 BST",St. Mary's Stadium,Southampton,31435.0,5700.0,Southampton,Watford,0.0,2.0
0,4.0,"Sat 9 Sep 2017, 12:30 BST",Etihad Stadium,Manchester,54172.0,6000.0,Manchester City,Liverpool,5.0,0.0
0,3.0,"Sun 27 Aug 2017, 16:00 BST",Anfield,Liverpool,53206.0,5640.0,Liverpool,Arsenal,4.0,0.0
0,3.0,"Sun 27 Aug 2017, 16:00 BST",Wembley Stadium,London,67862.0,5760.0,Tottenham Hotspur,Burnley,1.0,1.0
0,3.0,"Sun 27 Aug 2017, 13:30 BST",Stamford Bridge,London,41382.0,5640.0,Chelsea,Everton,2.0,0.0
0,3.0,"Sun 27 Aug 2017, 13:30 BST",The Hawthorns,West Bromwich,22704.0,5700.0,West Bromwich Albion,Stoke City,1.0,1.0
0,3.0,"Sat 26 Aug 2017, 17:30 BST",Old Trafford,Manchester,75021.0,5700.0,Manchester United,Leicester City,2.0,0.0
0,3.0,"Sat 26 Aug 2017, 15:00 BST",Selhurst Park,London,23477.0,5640.0,Crystal Palace,Swansea City,0.0,2.0
0,3.0,"Sat 26 Aug 2017, 15:00 BST",John Smith's Stadium,Huddersfield,23548.0,5640.0,Huddersfield Town,Southampton,0.0,0.0
0,3.0,"Sat 26 Aug 2017, 15:00 BST",St. James' Park,Newcastle,52093.0,5700.0,Newcastle United,West Ham United,3.0,0.0
0,3.0,"Sat 26 Aug 2017, 15:00 BST",Vicarage Road,Watford,20181.0,5640.0,Watford,Brighton and Hove Albion,0.0,0.0
0,3.0,"Sat 26 Aug 2017, 12:30 BST",Vitality Stadium,Bournemouth,10419.0,6060.0,AFC Bournemouth,Manchester City,1.0,2.0
0,2.0,"Mon 21 Aug 2017, 20:00 BST",Etihad Stadium,Manchester,54009.0,5700.0,Manchester City,Everton,1.0,1.0
0,2.0,"Sun 20 Aug 2017, 16:00 BST",Wembley Stadium,London,73587.0,5700.0,Tottenham Hotspur,Chelsea,1.0,2.0
0,2.0,"Sun 20 Aug 2017, 13:30 BST",John Smith's Stadium,Huddersfield,24128.0,5700.0,Huddersfield Town,Newcastle United,1.0,0.0
0,2.0,"Sat 19 Aug 2017, 17:30 BST",bet365 Stadium,Stoke,29459.0,5760.0,Stoke City,Arsenal,1.0,0.0
0,2.0,"Sat 19 Aug 2017, 15:00 BST",Vitality Stadium,Bournemouth,10501.0,5820.0,AFC Bournemouth,Watford,0.0,2.0
0,2.0,"Sat 19 Aug 2017, 15:00 BST",Turf Moor,Burnley,19619.0,5700.0,Burnley,West Bromwich Albion,0.0,1.0
0,2.0,"Sat 19 Aug 2017, 15:00 BST",King Power Stadium,Leicester,31902.0,5760.0,Leicester City,Brighton and Hove Albion,2.0,0.0
0,2.0,"Sat 19 Aug 2017, 15:00 BST",Anfield,Liverpool,53138.0,5700.0,Liverpool,Crystal Palace,1.0,0.0
0,2.0,"Sat 19 Aug 2017, 15:00 BST",St. Mary's Stadium,Southampton,31424.0,5700.0,Southampton,West Ham United,3.0,2.0
0,2.0,"Sat 19 Aug 2017, 12:30 BST",Liberty Stadium,Swansea,20862.0,5640.0,Swansea City,Manchester United,0.0,4.0
0,1.0,"Sun 13 Aug 2017, 16:00 BST",Old Trafford,Manchester,74928.0,5640.0,Manchester United,West Ham United,4.0,0.0
0,1.0,"Sun 13 Aug 2017, 13:30 BST",St. James' Park,Newcastle,52077.0,5640.0,Newcastle United,Tottenham Hotspur,0.0,2.0
0,1.0,"Sat 12 Aug 2017, 17:30 BST",Amex Stadium,Falmer,30415.0,5640.0,Brighton and Hove Albion,Manchester City,0.0,2.0
0,1.0,"Sat 12 Aug 2017, 15:00 BST",Stamford Bridge,London,41616.0,5700.0,Chelsea,Burnley,2.0,3.0
0,1.0,"Sat 12 Aug 2017, 15:00 BST",Selhurst Park,London,25448.0,5640.0,Crystal Palace,Huddersfield Town,0.0,3.0
0,1.0,"Sat 12 Aug 2017, 15:00 BST",Goodison Park,Liverpool,39045.0,5700.0,Everton,Stoke City,1.0,0.0
0,1.0,"Sat 12 Aug 2017, 15:00 BST",St. Mary's Stadium,Southampton,31447.0,5640.0,Southampton,Swansea City,0.0,0.0
0,1.0,"Sat 12 Aug 2017, 15:00 BST",The Hawthorns,West Bromwich,25011.0,5760.0,West Bromwich Albion,AFC Bournemouth,1.0,0.0
0,1.0,"Sat 12 Aug 2017, 12:30 BST",Vicarage Road,Watford,20407.0,5940.0,Watford,Liverpool,3.0,3.0
0,1.0,"Fri 11 Aug 2017, 19:45 BST",Emirates Stadium,London,59387.0,5760.0,Arsenal,Leicester City,4.0,3.0
